{"cameraMode":{"drawMode":0,"name":"Shaded","section":"Shading Mode"},"sceneLighting":true,"audioPlay":false,"sceneViewState":{"showFog":true,"showMaterialUpdate":true,"showSkybox":true,"showFlares":true,"showImageEffects":true,"showParticleSystems":true},"in2DMode":false,"pivot":{"x":-19.501026153564454,"y":150.666748046875,"z":-24.882827758789064},"rotation":{"x":-0.003841447876766324,"y":-0.7391997575759888,"z":0.6734630465507507,"w":-0.004216023720800877},"size":81.64791107177735,"orthographic":false}