{"cameraMode":{"drawMode":0,"name":"Shaded","section":"Shading Mode"},"sceneLighting":true,"audioPlay":false,"sceneViewState":{"showFog":true,"showMaterialUpdate":true,"showSkybox":true,"showFlares":true,"showImageEffects":true,"showParticleSystems":true},"in2DMode":false,"pivot":{"x":-8.314656257629395,"y":1.383333444595337,"z":2.3837504386901857},"rotation":{"x":0.33072832226753237,"y":0.5459626317024231,"z":-0.24776113033294679,"w":0.7288294434547424},"size":44.50514221191406,"orthographic":true}