{"cameraMode":{"drawMode":0,"name":"Shaded","section":"Shading Mode"},"sceneLighting":true,"audioPlay":false,"sceneViewState":{"showFog":true,"showMaterialUpdate":true,"showSkybox":true,"showFlares":true,"showImageEffects":true,"showParticleSystems":true},"in2DMode":false,"pivot":{"x":-21.273284912109376,"y":3.6500015258789064,"z":-16.96038055419922},"rotation":{"x":0.16765111684799195,"y":0.8286423683166504,"z":-0.4182216227054596,"w":0.332226425409317},"size":400.1037292480469,"orthographic":false}