{"cameraMode":{"drawMode":0,"name":"Shaded","section":"Shading Mode"},"sceneLighting":false,"audioPlay":false,"sceneViewState":{"showFog":true,"showMaterialUpdate":true,"showSkybox":false,"showFlares":true,"showImageEffects":true,"showParticleSystems":true},"in2DMode":false,"pivot":{"x":20.510591506958009,"y":174.63999938964845,"z":-0.7736473083496094},"rotation":{"x":0.33251234889030459,"y":-0.6471759080886841,"z":0.3743370771408081,"w":0.574866533279419},"size":20.462902069091798,"orthographic":false}