{"cameraMode":{"drawMode":0,"name":"Shaded","section":"Shading Mode"},"sceneLighting":true,"audioPlay":false,"sceneViewState":{"showFog":true,"showMaterialUpdate":true,"showSkybox":true,"showFlares":true,"showImageEffects":true,"showParticleSystems":true},"in2DMode":false,"pivot":{"x":-37.1433219909668,"y":179.45223999023438,"z":29.725509643554689},"rotation":{"x":-0.6539422869682312,"y":0.052749671041965488,"z":-0.04578809812664986,"w":-0.7533184289932251},"size":94.09429931640625,"orthographic":false}