{"cameraMode":{"drawMode":0,"name":"Shaded","section":"Shading Mode"},"sceneLighting":true,"audioPlay":false,"sceneViewState":{"showFog":true,"showMaterialUpdate":true,"showSkybox":false,"showFlares":true,"showImageEffects":true,"showParticleSystems":true},"in2DMode":false,"pivot":{"x":-4.880000114440918,"y":1.0,"z":17.06999969482422},"rotation":{"x":-0.15501414239406587,"y":-0.06662075966596604,"z":0.010477198287844658,"w":-0.9856088161468506},"size":2.8578836917877199,"orthographic":true}