{"cameraMode":{"drawMode":0,"name":"Shaded","section":"Shading Mode"},"sceneLighting":true,"audioPlay":false,"sceneViewState":{"showFog":true,"showMaterialUpdate":true,"showSkybox":true,"showFlares":true,"showImageEffects":true,"showParticleSystems":true},"in2DMode":false,"pivot":{"x":-4.7057342529296879,"y":0.81207275390625,"z":19.095199584960939},"rotation":{"x":0.33072832226753237,"y":0.5459626317024231,"z":-0.24776113033294679,"w":0.7288294434547424},"size":900.2334594726563,"orthographic":true}