{"cameraMode":{"drawMode":0,"name":"Shaded","section":"Shading Mode"},"sceneLighting":false,"audioPlay":false,"sceneViewState":{"showFog":true,"showMaterialUpdate":true,"showSkybox":false,"showFlares":true,"showImageEffects":true,"showParticleSystems":true},"in2DMode":false,"pivot":{"x":-16.030406951904298,"y":6.353837966918945,"z":8.058374404907227},"rotation":{"x":0.19620326161384583,"y":0.11589235067367554,"z":-0.02336006611585617,"w":0.9734123349189758},"size":0.34985318779945376,"orthographic":false}