{"cameraMode":{"drawMode":0,"name":"Shaded","section":"Shading Mode"},"sceneLighting":true,"audioPlay":false,"sceneViewState":{"showFog":true,"showMaterialUpdate":true,"showSkybox":true,"showFlares":true,"showImageEffects":true,"showParticleSystems":true},"in2DMode":false,"pivot":{"x":-0.5579090118408203,"y":8.529999732971192,"z":0.19167709350585938},"rotation":{"x":-0.34538012742996218,"y":0.5667296051979065,"z":-0.28262364864349368,"w":-0.6925759315490723},"size":157.86981201171876,"orthographic":true}