{"cameraMode":{"drawMode":0,"name":"Shaded","section":"Shading Mode"},"sceneLighting":true,"audioPlay":false,"sceneViewState":{"showFog":true,"showMaterialUpdate":true,"showSkybox":true,"showFlares":true,"showImageEffects":true,"showParticleSystems":true},"in2DMode":false,"pivot":{"x":88.53892517089844,"y":287.8978271484375,"z":163.53421020507813},"rotation":{"x":-0.23045416176319123,"y":0.73944491147995,"z":-0.30862870812416079,"w":-0.5521469712257385},"size":171.85057067871095,"orthographic":false}