{"cameraMode":{"drawMode":0,"name":"Shaded","section":"Shading Mode"},"sceneLighting":false,"audioPlay":false,"sceneViewState":{"showFog":true,"showMaterialUpdate":true,"showSkybox":false,"showFlares":true,"showImageEffects":true,"showParticleSystems":true},"in2DMode":false,"pivot":{"x":-7.40000057220459,"y":-5.164433479309082,"z":3.9405784606933595},"rotation":{"x":0.041557133197784427,"y":0.6263573169708252,"z":-0.03349184989929199,"w":0.7777372598648071},"size":83.0126953125,"orthographic":false}