{"cameraMode":{"drawMode":0,"name":"Shaded","section":"Shading Mode"},"sceneLighting":true,"audioPlay":false,"sceneViewState":{"showFog":true,"showMaterialUpdate":true,"showSkybox":true,"showFlares":true,"showImageEffects":true,"showParticleSystems":true},"in2DMode":false,"pivot":{"x":-12.257696151733399,"y":169.11474609375,"z":-28.933135986328126},"rotation":{"x":0.33251234889030459,"y":-0.6471759080886841,"z":0.3743370771408081,"w":0.574866533279419},"size":22.476015090942384,"orthographic":false}