{"cameraMode":{"drawMode":0,"name":"Shaded","section":"Shading Mode"},"sceneLighting":false,"audioPlay":false,"sceneViewState":{"showFog":true,"showMaterialUpdate":true,"showSkybox":false,"showFlares":true,"showImageEffects":true,"showParticleSystems":true},"in2DMode":false,"pivot":{"x":-27.39075469970703,"y":-8.91342544555664,"z":-13.261917114257813},"rotation":{"x":0.386594295501709,"y":0.10889507085084915,"z":-0.046027183532714847,"w":0.9146412014961243},"size":9.432373046875,"orthographic":false}